,Old_File_Name,New_File_Name
324,02778-00-B001-1.LMD,02778-00-L001-1.LMD
325,02778-00-L001-1.LMD,02778-00-B001-1.LMD
1934,10458-00-B001-1.LMD,10458-00-L001-1.LMD
1935,10458-00-L001-1.LMD,10458-00-B001-1.LMD
3271,08014-00-B001-1.LMD,06644-00-B001-1.LMD
5136,04993-00-B001-2.LMD,04993-00-L001-1.LMD
5164,03834-00-B001-1.LMD,03834-00-L001-1.LMD
5165,03834-00-L001-1.LMD,03834-00-B001-1.LMD
5900,07534-00-L001-1.LMD,00796-00-L001-1.LMD
6665,03743-00-B001-1.LMD,03743-00-L001-1.LMD
6666,03743-00-L001-1.LMD,03743-00-B001-1.LMD
8116,08061-00-B001-1.LMD,08061-00-L001-1.LMD
8117,08061-00-L001-1.LMD,08061-00-B001-1.LMD
10937,01613-00-L001-1.LMD,02262-00-L001-1.LMD
11121,08059-00-L001-1.LMD,04523-00-L001-1.LMD
11306,11329-03-L005-1.LMD,11329-03-B005-1.LMD
11337,09949-04-B005-1.LMD,09949-04-L005-1.LMD
11344,09949-04-L005-1.LMD,09949-04-B005-1.LMD
11991,00950-01-L001-1.LMD,00950-01-B001-1.LMD
11992,00950-01-L001-2.LMD,00950-01-L001-1.LMD
12078,06010-00-B001-1.LMD,06010-00-L001-1.LMD
12079,06010-00-L001-1.LMD,06010-00-B001-1.LMD
12392,07218-00-B001-1.LMD,07218-00-L001-1.LMD
12393,07218-00-L001-1.LMD,07218-00-B001-1.LMD
12922,05452-00-B001-1.LMD,05452-00-L001-1.LMD
12923,05452-00-L001-1.LMD,05452-00-B001-1.LMD
14438,03875-00-L001-1.LMD,09728-02-L001-1.LMD
14623,05241-01-B002-1.LMD,05241-01-L002-1.LMD
14625,05241-01-L002-1.LMD,05241-01-B002-1.LMD
15327,06473-00-B001-1.LMD,06473-00-L001-1.LMD
15328,06473-00-L001-1.LMD,06473-00-B001-1.LMD
15652,10292-00-B001-1.LMD,10292-00-L001-1.LMD
15653,10292-00-L001-1.LMD,10292-00-B001-1.LMD
17090,01839-00-B001-1.LMD,01839-00-L001-1.LMD
17091,01839-00-L001-1.LMD,01839-00-B001-1.LMD
17982,08709-01-B002-1.LMD,08709-01-L002-1.LMD
17984,08709-01-L002-1.LMD,08709-01-B002-1.LMD
18206,07811-00-B001-1.LMD,07811-00-L001-1.LMD
18207,07811-00-L001-1.LMD,07811-00-B001-1.LMD
19942,08041-00-B001-1.LMD,07559-00-B001-2.LMD
20036,10416-00-B001-2.LMD,10416-00-L001-1.LMD
20037,10416-00-B001-3.LMD,10416-00-L001-2.LMD
20580,05448-00-B001-1.LMD,03746-00-B001-1.LMD
22571,04773-00-B001-1.LMD,04773-00-L001-1.LMD
22572,04773-00-L001-1.LMD,04773-00-B001-1.LMD
22729,01679-00-B001-1.LMD,00088-00-B001-1.LMD
23025,03332-00-B001-1.LMD,03332-00-L001-1.LMD
23026,03332-00-L001-1.LMD,03332-00-B001-1.LMD
23792,02303-00-B001-1.LMD,02303-00-L001-1.LMD
23794,02303-00-L001-2.LMD,02303-00-B001-1.LMD
23852,01927-00-B001-1.LMD,06609-01-B001-2.LMD
23856,01560-00-B001-1.LMD,10220-00-L001-1.LMD
25222,09183-00-B001-1.LMD,04222-00-B001-2.LMD
27561,08740-00-B001-1.LMD,08740-00-L001-1.LMD
27562,08740-00-L001-1.LMD,08740-00-B001-1.LMD
27993,01965-00-B001-1.LMD,01965-00-L001-1.LMD
27994,01965-00-L001-1.LMD,01965-00-B001-1.LMD
28132,01959-00-B001-1.LMD,07056-00-B001-1.LMD
